{
  "0": {
    "cooldown_until": 1782539856.114594,
    "failures": 4
  },
  "1": {
    "cooldown_until": 1782539882.7761345,
    "failures": 4
  },
  "2": {
    "cooldown_until": 1782539912.428045,
    "failures": 4
  },
  "3": {
    "cooldown_until": 1782539931.3098376,
    "failures": 4
  },
  "4": {
    "cooldown_until": 1782539942.789782,
    "failures": 4
  },
  "5": {
    "cooldown_until": 1782588868.6880877,
    "failures": 4
  },
  "6": {
    "cooldown_until": 1782588960.3205721,
    "failures": 4
  },
  "7": {
    "cooldown_until": 1782588960.510089,
    "failures": 4
  },
  "8": {
    "cooldown_until": 1782540125.4480782,
    "failures": 4
  },
  "9": {
    "cooldown_until": 1782540125.7051346,
    "failures": 4
  },
  "10": {
    "cooldown_until": 1782540146.3745863,
    "failures": 4
  },
  "11": {
    "cooldown_until": 1782540154.823208,
    "failures": 4
  },
  "12": {
    "cooldown_until": 1782540166.8463852,
    "failures": 4
  },
  "13": {
    "cooldown_until": 1782589181.7991683,
    "failures": 4
  },
  "14": {
    "cooldown_until": 1782589207.868895,
    "failures": 4
  }
}